"module name","license","repository"
"@babel/code-frame@7.27.1","MIT","https://github.com/babel/babel"
"@babel/compat-data@7.28.4","MIT","https://github.com/babel/babel"
"@babel/core@7.28.4","MIT","https://github.com/babel/babel"
"@babel/generator@7.28.3","MIT","https://github.com/babel/babel"
"@babel/helper-annotate-as-pure@7.27.3","MIT","https://github.com/babel/babel"
"@babel/helper-compilation-targets@7.27.2","MIT","https://github.com/babel/babel"
"@babel/helper-create-class-features-plugin@7.28.3","MIT","https://github.com/babel/babel"
"@babel/helper-create-regexp-features-plugin@7.27.1","MIT","https://github.com/babel/babel"
"@babel/helper-globals@7.28.0","MIT","https://github.com/babel/babel"
"@babel/helper-member-expression-to-functions@7.27.1","MIT","https://github.com/babel/babel"
"@babel/helper-module-imports@7.27.1","MIT","https://github.com/babel/babel"
"@babel/helper-module-transforms@7.28.3","MIT","https://github.com/babel/babel"
"@babel/helper-optimise-call-expression@7.27.1","MIT","https://github.com/babel/babel"
"@babel/helper-plugin-utils@7.27.1","MIT","https://github.com/babel/babel"
"@babel/helper-replace-supers@7.27.1","MIT","https://github.com/babel/babel"
"@babel/helper-skip-transparent-expression-wrappers@7.27.1","MIT","https://github.com/babel/babel"
"@babel/helper-string-parser@7.27.1","MIT","https://github.com/babel/babel"
"@babel/helper-validator-identifier@7.27.1","MIT","https://github.com/babel/babel"
"@babel/helper-validator-option@7.27.1","MIT","https://github.com/babel/babel"
"@babel/helpers@7.28.4","MIT","https://github.com/babel/babel"
"@babel/parser@7.28.4","MIT","https://github.com/babel/babel"
"@babel/plugin-syntax-async-generators@7.8.4","MIT","https://github.com/babel/babel/tree/master/packages/babel-plugin-syntax-async-generators"
"@babel/plugin-syntax-bigint@7.8.3","MIT","https://github.com/babel/babel/tree/master/packages/babel-plugin-syntax-bigint"
"@babel/plugin-syntax-class-properties@7.12.13","MIT","https://github.com/babel/babel"
"@babel/plugin-syntax-class-static-block@7.14.5","MIT","https://github.com/babel/babel"
"@babel/plugin-syntax-import-attributes@7.27.1","MIT","https://github.com/babel/babel"
"@babel/plugin-syntax-import-meta@7.10.4","MIT","https://github.com/babel/babel"
"@babel/plugin-syntax-json-strings@7.8.3","MIT","https://github.com/babel/babel/tree/master/packages/babel-plugin-syntax-json-strings"
"@babel/plugin-syntax-jsx@7.27.1","MIT","https://github.com/babel/babel"
"@babel/plugin-syntax-logical-assignment-operators@7.10.4","MIT","https://github.com/babel/babel"
"@babel/plugin-syntax-nullish-coalescing-operator@7.8.3","MIT","https://github.com/babel/babel/tree/master/packages/babel-plugin-syntax-nullish-coalescing-operator"
"@babel/plugin-syntax-numeric-separator@7.10.4","MIT","https://github.com/babel/babel"
"@babel/plugin-syntax-object-rest-spread@7.8.3","MIT","https://github.com/babel/babel/tree/master/packages/babel-plugin-syntax-object-rest-spread"
"@babel/plugin-syntax-optional-catch-binding@7.8.3","MIT","https://github.com/babel/babel/tree/master/packages/babel-plugin-syntax-optional-catch-binding"
"@babel/plugin-syntax-optional-chaining@7.8.3","MIT","https://github.com/babel/babel/tree/master/packages/babel-plugin-syntax-optional-chaining"
"@babel/plugin-syntax-private-property-in-object@7.14.5","MIT","https://github.com/babel/babel"
"@babel/plugin-syntax-top-level-await@7.14.5","MIT","https://github.com/babel/babel"
"@babel/plugin-syntax-typescript@7.27.1","MIT","https://github.com/babel/babel"
"@babel/plugin-transform-arrow-functions@7.27.1","MIT","https://github.com/babel/babel"
"@babel/plugin-transform-class-properties@7.27.1","MIT","https://github.com/babel/babel"
"@babel/plugin-transform-classes@7.28.4","MIT","https://github.com/babel/babel"
"@babel/plugin-transform-modules-commonjs@7.27.1","MIT","https://github.com/babel/babel"
"@babel/plugin-transform-nullish-coalescing-operator@7.27.1","MIT","https://github.com/babel/babel"
"@babel/plugin-transform-optional-chaining@7.27.1","MIT","https://github.com/babel/babel"
"@babel/plugin-transform-shorthand-properties@7.27.1","MIT","https://github.com/babel/babel"
"@babel/plugin-transform-template-literals@7.27.1","MIT","https://github.com/babel/babel"
"@babel/plugin-transform-typescript@7.28.0","MIT","https://github.com/babel/babel"
"@babel/plugin-transform-unicode-regex@7.27.1","MIT","https://github.com/babel/babel"
"@babel/preset-typescript@7.27.1","MIT","https://github.com/babel/babel"
"@babel/runtime@7.28.4","MIT","https://github.com/babel/babel"
"@babel/template@7.27.2","MIT","https://github.com/babel/babel"
"@babel/traverse@7.28.4","MIT","https://github.com/babel/babel"
"@babel/types@7.28.4","MIT","https://github.com/babel/babel"
"@egjs/hammerjs@2.0.17","MIT","https://github.com/naver/hammer.js"
"@emotion/babel-plugin@11.13.5","MIT","https://github.com/emotion-js/emotion/tree/main/packages/babel-plugin"
"@emotion/cache@11.14.0","MIT","https://github.com/emotion-js/emotion/tree/main/packages/cache"
"@emotion/hash@0.9.2","MIT","https://github.com/emotion-js/emotion/tree/main/packages/hash"
"@emotion/is-prop-valid@1.4.0","MIT","https://github.com/emotion-js/emotion/tree/main/packages/is-prop-valid"
"@emotion/memoize@0.9.0","MIT","https://github.com/emotion-js/emotion/tree/main/packages/memoize"
"@emotion/react@11.14.0","MIT","https://github.com/emotion-js/emotion/tree/main/packages/react"
"@emotion/serialize@1.3.3","MIT","https://github.com/emotion-js/emotion/tree/main/packages/serialize"
"@emotion/sheet@1.4.0","MIT","https://github.com/emotion-js/emotion/tree/main/packages/sheet"
"@emotion/styled@11.14.1","MIT","https://github.com/emotion-js/emotion/tree/main/packages/styled"
"@emotion/unitless@0.10.0","MIT","https://github.com/emotion-js/emotion/tree/main/packages/unitless"
"@emotion/use-insertion-effect-with-fallbacks@1.2.0","MIT","https://github.com/emotion-js/emotion/tree/main/packages/use-insertion-effect-with-fallbacks"
"@emotion/utils@1.4.2","MIT","https://github.com/emotion-js/emotion/tree/main/packages/utils"
"@emotion/weak-memoize@0.4.0","MIT","https://github.com/emotion-js/emotion/tree/main/packages/weak-memoize"
"@hapi/hoek@9.3.0","BSD-3-Clause","https://github.com/hapijs/hoek"
"@hapi/topo@5.1.0","BSD-3-Clause","https://github.com/hapijs/topo"
"@isaacs/ttlcache@1.4.1","ISC","https://github.com/isaacs/ttlcache"
"@istanbuljs/load-nyc-config@1.1.0","ISC","https://github.com/istanbuljs/load-nyc-config"
"@istanbuljs/schema@0.1.3","MIT","https://github.com/istanbuljs/schema"
"@jest/create-cache-key-function@29.7.0","MIT","https://github.com/jestjs/jest"
"@jest/environment@29.7.0","MIT","https://github.com/jestjs/jest"
"@jest/fake-timers@29.7.0","MIT","https://github.com/jestjs/jest"
"@jest/schemas@29.6.3","MIT","https://github.com/jestjs/jest"
"@jest/transform@29.7.0","MIT","https://github.com/jestjs/jest"
"@jest/types@26.6.2","MIT","https://github.com/facebook/jest"
"@jest/types@29.6.3","MIT","https://github.com/jestjs/jest"
"@jridgewell/gen-mapping@0.3.13","MIT","https://github.com/jridgewell/sourcemaps"
"@jridgewell/remapping@2.3.5","MIT","https://github.com/jridgewell/sourcemaps"
"@jridgewell/resolve-uri@3.1.2","MIT","https://github.com/jridgewell/resolve-uri"
"@jridgewell/source-map@0.3.11","MIT","https://github.com/jridgewell/sourcemaps"
"@jridgewell/sourcemap-codec@1.5.5","MIT","https://github.com/jridgewell/sourcemaps"
"@jridgewell/trace-mapping@0.3.30","MIT","https://github.com/jridgewell/sourcemaps"
"@mui/core-downloads-tracker@7.3.2","MIT","https://github.com/mui/material-ui"
"@mui/icons-material@7.3.2","MIT","https://github.com/mui/material-ui"
"@mui/material@7.3.2","MIT","https://github.com/mui/material-ui"
"@mui/private-theming@7.3.2","MIT","https://github.com/mui/material-ui"
"@mui/styled-engine@7.3.2","MIT","https://github.com/mui/material-ui"
"@mui/system@7.3.2","MIT","https://github.com/mui/material-ui"
"@mui/types@7.4.6","MIT","https://github.com/mui/material-ui"
"@mui/utils@7.3.2","MIT","https://github.com/mui/material-ui"
"@nodelib/fs.scandir@2.1.5","MIT","https://github.com/nodelib/nodelib/tree/master/packages/fs/fs.scandir"
"@nodelib/fs.stat@2.0.5","MIT","https://github.com/nodelib/nodelib/tree/master/packages/fs/fs.stat"
"@nodelib/fs.walk@1.2.8","MIT","https://github.com/nodelib/nodelib/tree/master/packages/fs/fs.walk"
"@popperjs/core@2.11.8","MIT","https://github.com/popperjs/popper-core"
"@react-native-async-storage/async-storage@2.2.0","MIT","https://github.com/react-native-async-storage/async-storage"
"@react-native-community/cli-clean@15.1.3","MIT","https://github.com/react-native-community/cli"
"@react-native-community/cli-config-android@15.1.3","MIT","https://github.com/react-native-community/cli"
"@react-native-community/cli-config-apple@15.1.3","MIT","https://github.com/react-native-community/cli"
"@react-native-community/cli-config@15.1.3","MIT","https://github.com/react-native-community/cli"
"@react-native-community/cli-debugger-ui@15.1.3","MIT","https://github.com/react-native-community/cli"
"@react-native-community/cli-doctor@15.1.3","MIT","https://github.com/react-native-community/cli"
"@react-native-community/cli-platform-android@15.1.3","MIT","https://github.com/react-native-community/cli"
"@react-native-community/cli-platform-apple@15.1.3","MIT","https://github.com/react-native-community/cli"
"@react-native-community/cli-platform-ios@15.1.3","MIT","https://github.com/react-native-community/cli"
"@react-native-community/cli-server-api@15.1.3","MIT","https://github.com/react-native-community/cli"
"@react-native-community/cli-tools@15.1.3","MIT","https://github.com/react-native-community/cli"
"@react-native-community/cli-types@15.1.3","MIT","https://github.com/react-native-community/cli"
"@react-native-community/cli@15.1.3","MIT","https://github.com/react-native-community/cli"
"@react-native-community/datetimepicker@8.4.4","MIT","https://github.com/react-native-community/datetimepicker"
"@react-native-picker/picker@2.11.2","MIT","https://github.com/react-native-picker/picker"
"@react-native/assets-registry@0.80.1","MIT","https://github.com/facebook/react-native"
"@react-native/codegen@0.80.1","MIT","https://github.com/facebook/react-native"
"@react-native/community-cli-plugin@0.80.1","MIT","https://github.com/facebook/react-native"
"@react-native/debugger-frontend@0.80.1","BSD-3-Clause","https://github.com/facebook/react-native"
"@react-native/dev-middleware@0.80.1","MIT","https://github.com/facebook/react-native"
"@react-native/gradle-plugin@0.80.1","MIT","https://github.com/facebook/react-native"
"@react-native/js-polyfills@0.80.1","MIT","https://github.com/facebook/react-native"
"@react-native/normalize-colors@0.74.89","MIT","https://github.com/facebook/react-native"
"@react-native/normalize-colors@0.80.1","MIT","https://github.com/facebook/react-native"
"@react-native/virtualized-lists@0.80.1","MIT","https://github.com/facebook/react-native"
"@react-navigation/bottom-tabs@7.4.7","MIT","https://github.com/react-navigation/react-navigation"
"@react-navigation/core@7.12.4","MIT","https://github.com/react-navigation/react-navigation"
"@react-navigation/elements@2.6.4","MIT","https://github.com/react-navigation/react-navigation"
"@react-navigation/native-stack@7.3.26","MIT","https://github.com/react-navigation/react-navigation"
"@react-navigation/native@7.1.17","MIT","https://github.com/react-navigation/react-navigation"
"@react-navigation/routers@7.5.1","MIT","https://github.com/react-navigation/react-navigation"
"@react-navigation/stack@7.4.8","MIT","https://github.com/react-navigation/react-navigation"
"@sideway/address@4.1.5","BSD-3-Clause","https://github.com/sideway/address"
"@sideway/formula@3.0.1","BSD-3-Clause","https://github.com/sideway/formula"
"@sideway/pinpoint@2.0.0","BSD-3-Clause","https://github.com/sideway/pinpoint"
"@sinclair/typebox@0.27.8","MIT","https://github.com/sinclairzx81/typebox"
"@sinonjs/commons@3.0.1","BSD-3-Clause","https://github.com/sinonjs/commons"
"@sinonjs/fake-timers@10.3.0","BSD-3-Clause","https://github.com/sinonjs/fake-timers"
"@types/babel__core@7.20.5","MIT","https://github.com/DefinitelyTyped/DefinitelyTyped"
"@types/babel__generator@7.27.0","MIT","https://github.com/DefinitelyTyped/DefinitelyTyped"
"@types/babel__template@7.4.4","MIT","https://github.com/DefinitelyTyped/DefinitelyTyped"
"@types/babel__traverse@7.28.0","MIT","https://github.com/DefinitelyTyped/DefinitelyTyped"
"@types/graceful-fs@4.1.9","MIT","https://github.com/DefinitelyTyped/DefinitelyTyped"
"@types/hammerjs@2.0.46","MIT","https://github.com/DefinitelyTyped/DefinitelyTyped"
"@types/istanbul-lib-coverage@2.0.6","MIT","https://github.com/DefinitelyTyped/DefinitelyTyped"
"@types/istanbul-lib-report@3.0.3","MIT","https://github.com/DefinitelyTyped/DefinitelyTyped"
"@types/istanbul-reports@3.0.4","MIT","https://github.com/DefinitelyTyped/DefinitelyTyped"
"@types/node@24.4.0","MIT","https://github.com/DefinitelyTyped/DefinitelyTyped"
"@types/parse-json@4.0.2","MIT","https://github.com/DefinitelyTyped/DefinitelyTyped"
"@types/prop-types@15.7.15","MIT","https://github.com/DefinitelyTyped/DefinitelyTyped"
"@types/react-transition-group@4.4.12","MIT","https://github.com/DefinitelyTyped/DefinitelyTyped"
"@types/react@19.1.12","MIT","https://github.com/DefinitelyTyped/DefinitelyTyped"
"@types/stack-utils@2.0.3","MIT","https://github.com/DefinitelyTyped/DefinitelyTyped"
"@types/yargs-parser@21.0.3","MIT","https://github.com/DefinitelyTyped/DefinitelyTyped"
"@types/yargs@15.0.19","MIT","https://github.com/DefinitelyTyped/DefinitelyTyped"
"@types/yargs@17.0.33","MIT","https://github.com/DefinitelyTyped/DefinitelyTyped"
"abort-controller@3.0.0","MIT","https://github.com/mysticatea/abort-controller"
"accepts@1.3.8","MIT","https://github.com/jshttp/accepts"
"acorn@8.15.0","MIT","https://github.com/acornjs/acorn"
"agent-base@7.1.4","MIT","https://github.com/TooTallNate/proxy-agents"
"anser@1.4.10","MIT","https://github.com/IonicaBizau/anser"
"ansi-fragments@0.2.1","MIT","https://github.com/zamotany/ansi-fragments"
"ansi-regex@4.1.1","MIT","https://github.com/chalk/ansi-regex"
"ansi-regex@5.0.1","MIT","https://github.com/chalk/ansi-regex"
"ansi-styles@3.2.1","MIT","https://github.com/chalk/ansi-styles"
"ansi-styles@4.3.0","MIT","https://github.com/chalk/ansi-styles"
"ansi-styles@5.2.0","MIT","https://github.com/chalk/ansi-styles"
"anymatch@3.1.3","ISC","https://github.com/micromatch/anymatch"
"appdirsjs@1.2.7","MIT","https://github.com/codingjerk/appdirsjs"
"argparse@1.0.10","MIT","https://github.com/nodeca/argparse"
"argparse@2.0.1","Python-2.0","https://github.com/nodeca/argparse"
"asap@2.0.6","MIT","https://github.com/kriskowal/asap"
"astral-regex@1.0.0","MIT","https://github.com/kevva/astral-regex"
"async-limiter@1.0.1","MIT","https://github.com/strml/async-limiter"
"babel-jest@29.7.0","MIT","https://github.com/jestjs/jest"
"babel-plugin-istanbul@6.1.1","BSD-3-Clause","https://github.com/istanbuljs/babel-plugin-istanbul"
"babel-plugin-jest-hoist@29.6.3","MIT","https://github.com/jestjs/jest"
"babel-plugin-macros@3.1.0","MIT","https://github.com/kentcdodds/babel-plugin-macros"
"babel-plugin-syntax-hermes-parser@0.28.1","MIT","https://github.com/facebook/hermes"
"babel-preset-current-node-syntax@1.2.0","MIT","https://github.com/nicolo-ribaudo/babel-preset-current-node-syntax"
"babel-preset-jest@29.6.3","MIT","https://github.com/jestjs/jest"
"balanced-match@1.0.2","MIT","https://github.com/juliangruber/balanced-match"
"base64-js@1.5.1","MIT","https://github.com/beatgammit/base64-js"
"bl@4.1.0","MIT","https://github.com/rvagg/bl"
"boolbase@1.0.0","ISC","https://github.com/fb55/boolbase"
"brace-expansion@1.1.12","MIT","https://github.com/juliangruber/brace-expansion"
"braces@3.0.3","MIT","https://github.com/micromatch/braces"
"browserslist@4.25.4","MIT","https://github.com/browserslist/browserslist"
"bser@2.1.1","Apache-2.0","https://github.com/facebook/watchman"
"buffer-from@1.1.2","MIT","https://github.com/LinusU/buffer-from"
"buffer@5.7.1","MIT","https://github.com/feross/buffer"
"bytes@3.1.2","MIT","https://github.com/visionmedia/bytes.js"
"caller-callsite@2.0.0","MIT","https://github.com/sindresorhus/caller-callsite"
"caller-path@2.0.0","MIT","https://github.com/sindresorhus/caller-path"
"callsites@2.0.0","MIT","https://github.com/sindresorhus/callsites"
"callsites@3.1.0","MIT","https://github.com/sindresorhus/callsites"
"camelcase@5.3.1","MIT","https://github.com/sindresorhus/camelcase"
"camelcase@6.3.0","MIT","https://github.com/sindresorhus/camelcase"
"caniuse-lite@1.0.30001741","CC-BY-4.0","https://github.com/browserslist/caniuse-lite"
"chalk@4.1.2","MIT","https://github.com/chalk/chalk"
"chrome-launcher@0.15.2","Apache-2.0","https://github.com/GoogleChrome/chrome-launcher"
"chromium-edge-launcher@0.2.0","Apache-2.0","https://github.com/cezaraugusto/chromium-edge-launcher"
"ci-info@2.0.0","MIT","https://github.com/watson/ci-info"
"ci-info@3.9.0","MIT","https://github.com/watson/ci-info"
"cli-cursor@3.1.0","MIT","https://github.com/sindresorhus/cli-cursor"
"cli-spinners@2.9.2","MIT","https://github.com/sindresorhus/cli-spinners"
"cliui@6.0.0","ISC","https://github.com/yargs/cliui"
"cliui@7.0.4","ISC","https://github.com/yargs/cliui"
"cliui@8.0.1","ISC","https://github.com/yargs/cliui"
"clone@1.0.4","MIT","https://github.com/pvorb/node-clone"
"clsx@2.1.1","MIT","https://github.com/lukeed/clsx"
"color-convert@1.9.3","MIT","https://github.com/Qix-/color-convert"
"color-convert@2.0.1","MIT","https://github.com/Qix-/color-convert"
"color-name@1.1.3","MIT","https://github.com/dfcreative/color-name"
"color-name@1.1.4","MIT","https://github.com/colorjs/color-name"
"color-string@1.9.1","MIT","https://github.com/Qix-/color-string"
"color@4.2.3","MIT","https://github.com/Qix-/color"
"colorette@1.4.0","MIT","https://github.com/jorgebucaran/colorette"
"command-exists@1.2.9","MIT","https://github.com/mathisonian/command-exists"
"commander@12.1.0","MIT","https://github.com/tj/commander.js"
"commander@2.20.3","MIT","https://github.com/tj/commander.js"
"commander@9.5.0","MIT","https://github.com/tj/commander.js"
"compressible@2.0.18","MIT","https://github.com/jshttp/compressible"
"compression@1.8.1","MIT","https://github.com/expressjs/compression"
"concat-map@0.0.1","MIT","https://github.com/substack/node-concat-map"
"connect@3.7.0","MIT","https://github.com/senchalabs/connect"
"convert-source-map@1.9.0","MIT","https://github.com/thlorenz/convert-source-map"
"convert-source-map@2.0.0","MIT","https://github.com/thlorenz/convert-source-map"
"cosmiconfig@5.2.1","MIT","https://github.com/davidtheclark/cosmiconfig"
"cosmiconfig@7.1.0","MIT","https://github.com/davidtheclark/cosmiconfig"
"cosmiconfig@9.0.0","MIT","https://github.com/cosmiconfig/cosmiconfig"
"cross-fetch@3.2.0","MIT","https://github.com/lquixada/cross-fetch"
"cross-spawn@7.0.6","MIT","https://github.com/moxystudio/node-cross-spawn"
"css-in-js-utils@3.1.0","MIT","https://github.com/robinweser/css-in-js-utils"
"css-select@5.2.2","BSD-2-Clause","https://github.com/fb55/css-select"
"css-tree@1.1.3","MIT","https://github.com/csstree/csstree"
"css-what@6.2.2","BSD-2-Clause","https://github.com/fb55/css-what"
"csstype@3.1.3","MIT","https://github.com/frenic/csstype"
"dayjs@1.11.18","MIT","https://github.com/iamkun/dayjs"
"debug@2.6.9","MIT","https://github.com/visionmedia/debug"
"debug@4.4.1","MIT","https://github.com/debug-js/debug"
"decamelize@1.2.0","MIT","https://github.com/sindresorhus/decamelize"
"decode-uri-component@0.2.2","MIT","https://github.com/SamVerschueren/decode-uri-component"
"deepmerge@4.3.1","MIT","https://github.com/TehShrike/deepmerge"
"defaults@1.0.4","MIT","https://github.com/sindresorhus/node-defaults"
"depd@2.0.0","MIT","https://github.com/dougwilson/nodejs-depd"
"destroy@1.2.0","MIT","https://github.com/stream-utils/destroy"
"dijkstrajs@1.0.3","MIT","https://github.com/tcort/dijkstrajs"
"dom-helpers@5.2.1","MIT","https://github.com/react-bootstrap/dom-helpers"
"dom-serializer@2.0.0","MIT","https://github.com/cheeriojs/dom-serializer"
"domelementtype@2.3.0","BSD-2-Clause","https://github.com/fb55/domelementtype"
"domhandler@5.0.3","BSD-2-Clause","https://github.com/fb55/domhandler"
"domutils@3.2.2","BSD-2-Clause","https://github.com/fb55/domutils"
"ee-first@1.1.1","MIT","https://github.com/jonathanong/ee-first"
"electron-to-chromium@1.5.214","ISC","https://github.com/kilian/electron-to-chromium"
"emoji-regex@8.0.0","MIT","https://github.com/mathiasbynens/emoji-regex"
"encodeurl@1.0.2","MIT","https://github.com/pillarjs/encodeurl"
"encodeurl@2.0.0","MIT","https://github.com/pillarjs/encodeurl"
"entities@4.5.0","BSD-2-Clause","https://github.com/fb55/entities"
"env-paths@2.2.1","MIT","https://github.com/sindresorhus/env-paths"
"envinfo@7.14.0","MIT","https://github.com/tabrindle/envinfo"
"error-ex@1.3.2","MIT","https://github.com/qix-/node-error-ex"
"error-stack-parser@2.1.4","MIT","https://github.com/stacktracejs/error-stack-parser"
"errorhandler@1.5.1","MIT","https://github.com/expressjs/errorhandler"
"escalade@3.2.0","MIT","https://github.com/lukeed/escalade"
"escape-html@1.0.3","MIT","https://github.com/component/escape-html"
"escape-string-regexp@2.0.0","MIT","https://github.com/sindresorhus/escape-string-regexp"
"escape-string-regexp@4.0.0","MIT","https://github.com/sindresorhus/escape-string-regexp"
"esprima@4.0.1","BSD-2-Clause","https://github.com/jquery/esprima"
"etag@1.8.1","MIT","https://github.com/jshttp/etag"
"event-target-shim@5.0.1","MIT","https://github.com/mysticatea/event-target-shim"
"execa@5.1.1","MIT","https://github.com/sindresorhus/execa"
"exponential-backoff@3.1.2","Apache-2.0","https://github.com/coveooss/exponential-backoff"
"fast-base64-decode@1.0.0","MIT","https://github.com/LinusU/fast-base64-decode"
"fast-deep-equal@3.1.3","MIT","https://github.com/epoberezkin/fast-deep-equal"
"fast-glob@3.3.3","MIT","https://github.com/mrmlnc/fast-glob"
"fast-json-stable-stringify@2.1.0","MIT","https://github.com/epoberezkin/fast-json-stable-stringify"
"fast-xml-parser@4.5.3","MIT","https://github.com/NaturalIntelligence/fast-xml-parser"
"fastq@1.19.1","ISC","https://github.com/mcollina/fastq"
"fb-watchman@2.0.2","Apache-2.0","https://github.com/facebook/watchman"
"fbjs-css-vars@1.0.2","MIT","https://github.com/facebook/fbjs"
"fbjs@3.0.5","MIT","https://github.com/facebook/fbjs"
"fill-range@7.1.1","MIT","https://github.com/jonschlinkert/fill-range"
"filter-obj@1.1.0","MIT","https://github.com/sindresorhus/filter-obj"
"finalhandler@1.1.2","MIT","https://github.com/pillarjs/finalhandler"
"find-root@1.1.0","MIT","https://github.com/js-n/find-root"
"find-up@4.1.0","MIT","https://github.com/sindresorhus/find-up"
"find-up@5.0.0","MIT","https://github.com/sindresorhus/find-up"
"flow-enums-runtime@0.0.6","MIT","https://github.com/facebook/flow"
"fresh@0.5.2","MIT","https://github.com/jshttp/fresh"
"fs-extra@8.1.0","MIT","https://github.com/jprichardson/node-fs-extra"
"fs.realpath@1.0.0","ISC","https://github.com/isaacs/fs.realpath"
"fsevents@2.3.3","MIT","https://github.com/fsevents/fsevents"
"function-bind@1.1.2","MIT","https://github.com/Raynos/function-bind"
"gensync@1.0.0-beta.2","MIT","https://github.com/loganfsmyth/gensync"
"get-caller-file@2.0.5","ISC","https://github.com/stefanpenner/get-caller-file"
"get-package-type@0.1.0","MIT","https://github.com/cfware/get-package-type"
"get-stream@6.0.1","MIT","https://github.com/sindresorhus/get-stream"
"glob-parent@5.1.2","ISC","https://github.com/gulpjs/glob-parent"
"glob@7.2.3","ISC","https://github.com/isaacs/node-glob"
"graceful-fs@4.2.11","ISC","https://github.com/isaacs/node-graceful-fs"
"has-flag@4.0.0","MIT","https://github.com/sindresorhus/has-flag"
"hasown@2.0.2","MIT","https://github.com/inspect-js/hasOwn"
"hermes-estree@0.28.1","MIT","https://github.com/facebook/hermes"
"hermes-estree@0.29.1","MIT","https://github.com/facebook/hermes"
"hermes-parser@0.28.1","MIT","https://github.com/facebook/hermes"
"hermes-parser@0.29.1","MIT","https://github.com/facebook/hermes"
"hoist-non-react-statics@3.3.2","BSD-3-Clause","https://github.com/mridgway/hoist-non-react-statics"
"http-errors@2.0.0","MIT","https://github.com/jshttp/http-errors"
"https-proxy-agent@7.0.6","MIT","https://github.com/TooTallNate/proxy-agents"
"human-signals@2.1.0","Apache-2.0","https://github.com/ehmicky/human-signals"
"hyphenate-style-name@1.1.0","BSD-3-Clause","https://github.com/rexxars/hyphenate-style-name"
"ieee754@1.2.1","BSD-3-Clause","https://github.com/feross/ieee754"
"image-size@1.2.1","MIT","https://github.com/image-size/image-size"
"import-fresh@2.0.0","MIT","https://github.com/sindresorhus/import-fresh"
"import-fresh@3.3.1","MIT","https://github.com/sindresorhus/import-fresh"
"imurmurhash@0.1.4","MIT","https://github.com/jensyt/imurmurhash-js"
"inflight@1.0.6","ISC","https://github.com/npm/inflight"
"inherits@2.0.4","ISC","https://github.com/isaacs/inherits"
"inline-style-prefixer@7.0.1","MIT","https://github.com/robinweser/inline-style-prefixer"
"invariant@2.2.4","MIT","https://github.com/zertosh/invariant"
"is-arrayish@0.2.1","MIT","https://github.com/qix-/node-is-arrayish"
"is-arrayish@0.3.2","MIT","https://github.com/qix-/node-is-arrayish"
"is-core-module@2.16.1","MIT","https://github.com/inspect-js/is-core-module"
"is-directory@0.3.1","MIT","https://github.com/jonschlinkert/is-directory"
"is-docker@2.2.1","MIT","https://github.com/sindresorhus/is-docker"
"is-extglob@2.1.1","MIT","https://github.com/jonschlinkert/is-extglob"
"is-fullwidth-code-point@2.0.0","MIT","https://github.com/sindresorhus/is-fullwidth-code-point"
"is-fullwidth-code-point@3.0.0","MIT","https://github.com/sindresorhus/is-fullwidth-code-point"
"is-glob@4.0.3","MIT","https://github.com/micromatch/is-glob"
"is-interactive@1.0.0","MIT","https://github.com/sindresorhus/is-interactive"
"is-number@7.0.0","MIT","https://github.com/jonschlinkert/is-number"
"is-plain-obj@2.1.0","MIT","https://github.com/sindresorhus/is-plain-obj"
"is-stream@2.0.1","MIT","https://github.com/sindresorhus/is-stream"
"is-unicode-supported@0.1.0","MIT","https://github.com/sindresorhus/is-unicode-supported"
"is-wsl@1.1.0","MIT","https://github.com/sindresorhus/is-wsl"
"is-wsl@2.2.0","MIT","https://github.com/sindresorhus/is-wsl"
"isexe@2.0.0","ISC","https://github.com/isaacs/isexe"
"istanbul-lib-coverage@3.2.2","BSD-3-Clause","https://github.com/istanbuljs/istanbuljs"
"istanbul-lib-instrument@5.2.1","BSD-3-Clause","https://github.com/istanbuljs/istanbuljs"
"jest-environment-node@29.7.0","MIT","https://github.com/jestjs/jest"
"jest-get-type@29.6.3","MIT","https://github.com/jestjs/jest"
"jest-haste-map@29.7.0","MIT","https://github.com/jestjs/jest"
"jest-message-util@29.7.0","MIT","https://github.com/jestjs/jest"
"jest-mock@29.7.0","MIT","https://github.com/jestjs/jest"
"jest-regex-util@29.6.3","MIT","https://github.com/jestjs/jest"
"jest-util@29.7.0","MIT","https://github.com/jestjs/jest"
"jest-validate@29.7.0","MIT","https://github.com/jestjs/jest"
"jest-worker@29.7.0","MIT","https://github.com/jestjs/jest"
"joi@17.13.3","BSD-3-Clause","https://github.com/hapijs/joi"
"js-tokens@4.0.0","MIT","https://github.com/lydell/js-tokens"
"js-yaml@3.14.1","MIT","https://github.com/nodeca/js-yaml"
"js-yaml@4.1.0","MIT","https://github.com/nodeca/js-yaml"
"jsc-safe-url@0.2.4","0BSD","https://github.com/robhogan/jsc-safe-url"
"jsesc@3.0.2","MIT","https://github.com/mathiasbynens/jsesc"
"jsesc@3.1.0","MIT","https://github.com/mathiasbynens/jsesc"
"json-parse-better-errors@1.0.2","MIT","https://github.com/zkat/json-parse-better-errors"
"json-parse-even-better-errors@2.3.1","MIT","https://github.com/npm/json-parse-even-better-errors"
"json5@2.2.3","MIT","https://github.com/json5/json5"
"jsonfile@4.0.0","MIT","https://github.com/jprichardson/node-jsonfile"
"kleur@3.0.3","MIT","https://github.com/lukeed/kleur"
"leven@3.1.0","MIT","https://github.com/sindresorhus/leven"
"lighthouse-logger@1.4.2","Apache-2.0",""
"lines-and-columns@1.2.4","MIT","https://github.com/eventualbuddha/lines-and-columns"
"locate-path@5.0.0","MIT","https://github.com/sindresorhus/locate-path"
"locate-path@6.0.0","MIT","https://github.com/sindresorhus/locate-path"
"lodash.throttle@4.1.1","MIT","https://github.com/lodash/lodash"
"log-symbols@4.1.0","MIT","https://github.com/sindresorhus/log-symbols"
"logkitty@0.7.1","MIT","https://github.com/zamotany/logkitty"
"loose-envify@1.4.0","MIT","https://github.com/zertosh/loose-envify"
"lru-cache@5.1.1","ISC","https://github.com/isaacs/node-lru-cache"
"makeerror@1.0.12","BSD-3-Clause","https://github.com/daaku/nodejs-makeerror"
"manylla@2025.9.1-4.2","UNLICENSED",""
"marky@1.3.0","Apache-2.0","https://github.com/nolanlawson/marky"
"mdn-data@2.0.14","CC0-1.0","https://github.com/mdn/data"
"memoize-one@5.2.1","MIT","https://github.com/alexreardon/memoize-one"
"memoize-one@6.0.0","MIT","https://github.com/alexreardon/memoize-one"
"merge-options@3.0.4","MIT","https://github.com/schnittstabil/merge-options"
"merge-stream@2.0.0","MIT","https://github.com/grncdr/merge-stream"
"merge2@1.4.1","MIT","https://github.com/teambition/merge2"
"metro-babel-transformer@0.82.5","MIT","https://github.com/facebook/metro"
"metro-cache-key@0.82.5","MIT","https://github.com/facebook/metro"
"metro-cache@0.82.5","MIT","https://github.com/facebook/metro"
"metro-config@0.82.5","MIT","https://github.com/facebook/metro"
"metro-core@0.82.5","MIT","https://github.com/facebook/metro"
"metro-file-map@0.82.5","MIT","https://github.com/facebook/metro"
"metro-minify-terser@0.82.5","MIT","https://github.com/facebook/metro"
"metro-resolver@0.82.5","MIT","https://github.com/facebook/metro"
"metro-runtime@0.82.5","MIT","https://github.com/facebook/metro"
"metro-source-map@0.82.5","MIT","https://github.com/facebook/metro"
"metro-symbolicate@0.82.5","MIT","https://github.com/facebook/metro"
"metro-transform-plugins@0.82.5","MIT","https://github.com/facebook/metro"
"metro-transform-worker@0.82.5","MIT","https://github.com/facebook/metro"
"metro@0.82.5","MIT","https://github.com/facebook/metro"
"micromatch@4.0.8","MIT","https://github.com/micromatch/micromatch"
"mime-db@1.52.0","MIT","https://github.com/jshttp/mime-db"
"mime-types@2.1.35","MIT","https://github.com/jshttp/mime-types"
"mime@1.6.0","MIT","https://github.com/broofa/node-mime"
"mime@2.6.0","MIT","https://github.com/broofa/mime"
"mimic-fn@2.1.0","MIT","https://github.com/sindresorhus/mimic-fn"
"minimatch@3.1.2","ISC","https://github.com/isaacs/minimatch"
"mkdirp@1.0.4","MIT","https://github.com/isaacs/node-mkdirp"
"ms@2.0.0","MIT","https://github.com/zeit/ms"
"ms@2.1.3","MIT","https://github.com/vercel/ms"
"nanoid@3.3.11","MIT","https://github.com/ai/nanoid"
"negotiator@0.6.3","MIT","https://github.com/jshttp/negotiator"
"negotiator@0.6.4","MIT","https://github.com/jshttp/negotiator"
"nocache@3.0.4","MIT","https://github.com/helmetjs/nocache"
"node-fetch@2.7.0","MIT","https://github.com/bitinn/node-fetch"
"node-int64@0.4.0","MIT","https://github.com/broofa/node-int64"
"node-releases@2.0.20","MIT","https://github.com/chicoxyzzy/node-releases"
"node-stream-zip@1.15.0","MIT","https://github.com/antelle/node-stream-zip"
"normalize-path@3.0.0","MIT","https://github.com/jonschlinkert/normalize-path"
"npm-run-path@4.0.1","MIT","https://github.com/sindresorhus/npm-run-path"
"nth-check@2.1.1","BSD-2-Clause","https://github.com/fb55/nth-check"
"nullthrows@1.1.1","MIT","https://github.com/zertosh/nullthrows"
"ob1@0.82.5","MIT","https://github.com/facebook/metro"
"object-assign@4.1.1","MIT","https://github.com/sindresorhus/object-assign"
"on-finished@2.3.0","MIT","https://github.com/jshttp/on-finished"
"on-finished@2.4.1","MIT","https://github.com/jshttp/on-finished"
"on-headers@1.1.0","MIT","https://github.com/jshttp/on-headers"
"once@1.4.0","ISC","https://github.com/isaacs/once"
"onetime@5.1.2","MIT","https://github.com/sindresorhus/onetime"
"open@6.4.0","MIT","https://github.com/sindresorhus/open"
"open@7.4.2","MIT","https://github.com/sindresorhus/open"
"ora@5.4.1","MIT","https://github.com/sindresorhus/ora"
"p-limit@2.3.0","MIT","https://github.com/sindresorhus/p-limit"
"p-limit@3.1.0","MIT","https://github.com/sindresorhus/p-limit"
"p-locate@4.1.0","MIT","https://github.com/sindresorhus/p-locate"
"p-locate@5.0.0","MIT","https://github.com/sindresorhus/p-locate"
"p-try@2.2.0","MIT","https://github.com/sindresorhus/p-try"
"pako@2.1.0","(MIT AND Zlib)","https://github.com/nodeca/pako"
"parent-module@1.0.1","MIT","https://github.com/sindresorhus/parent-module"
"parse-json@4.0.0","MIT","https://github.com/sindresorhus/parse-json"
"parse-json@5.2.0","MIT","https://github.com/sindresorhus/parse-json"
"parseurl@1.3.3","MIT","https://github.com/pillarjs/parseurl"
"path-exists@4.0.0","MIT","https://github.com/sindresorhus/path-exists"
"path-is-absolute@1.0.1","MIT","https://github.com/sindresorhus/path-is-absolute"
"path-key@3.1.1","MIT","https://github.com/sindresorhus/path-key"
"path-parse@1.0.7","MIT","https://github.com/jbgutierrez/path-parse"
"path-type@4.0.0","MIT","https://github.com/sindresorhus/path-type"
"picocolors@1.1.1","ISC","https://github.com/alexeyraspopov/picocolors"
"picomatch@2.3.1","MIT","https://github.com/micromatch/picomatch"
"pirates@4.0.7","MIT","https://github.com/danez/pirates"
"pngjs@5.0.0","MIT","https://github.com/lukeapage/pngjs"
"postcss-value-parser@4.2.0","MIT","https://github.com/TrySound/postcss-value-parser"
"pretty-format@26.6.2","MIT","https://github.com/facebook/jest"
"pretty-format@29.7.0","MIT","https://github.com/jestjs/jest"
"promise@7.3.1","MIT","https://github.com/then/promise"
"promise@8.3.0","MIT","https://github.com/then/promise"
"prompts@2.4.2","MIT","https://github.com/terkelg/prompts"
"prop-types@15.8.1","MIT","https://github.com/facebook/prop-types"
"qrcode@1.5.4","MIT","https://github.com/soldair/node-qrcode"
"query-string@7.1.3","MIT","https://github.com/sindresorhus/query-string"
"queue-microtask@1.2.3","MIT","https://github.com/feross/queue-microtask"
"queue@6.0.2","MIT","https://github.com/jessetane/queue"
"range-parser@1.2.1","MIT","https://github.com/jshttp/range-parser"
"react-devtools-core@6.1.5","MIT","https://github.com/facebook/react"
"react-dom@19.1.0","MIT","https://github.com/facebook/react"
"react-freeze@1.0.4","MIT","https://github.com/software-mansion/react-freeze"
"react-is@16.13.1","MIT","https://github.com/facebook/react"
"react-is@17.0.2","MIT","https://github.com/facebook/react"
"react-is@18.3.1","MIT","https://github.com/facebook/react"
"react-is@19.1.1","MIT","https://github.com/facebook/react"
"react-native-draggable-flatlist@4.0.3","MIT","https://github.com/computerjazz/react-native-draggable-flatlist"
"react-native-gesture-handler@2.28.0","MIT","https://github.com/software-mansion/react-native-gesture-handler"
"react-native-get-random-values@1.11.0","MIT","https://github.com/LinusU/react-native-get-random-values"
"react-native-image-picker@7.2.3","MIT","https://github.com/react-native-image-picker/react-native-image-picker"
"react-native-is-edge-to-edge@1.1.7","MIT","https://github.com/zoontek/react-native-edge-to-edge"
"react-native-is-edge-to-edge@1.2.1","MIT","https://github.com/zoontek/react-native-edge-to-edge"
"react-native-qrcode-svg@6.3.15","MIT","https://github.com/Expensify/react-native-qrcode-svg"
"react-native-reanimated@3.19.1","MIT","https://github.com/software-mansion/react-native-reanimated"
"react-native-safe-area-context@5.6.1","MIT","https://github.com/th3rdwave/react-native-safe-area-context"
"react-native-screens@4.16.0","MIT","https://github.com/software-mansion/react-native-screens"
"react-native-svg@15.12.1","MIT","https://github.com/react-native-community/react-native-svg"
"react-native-vector-icons@10.3.0","MIT","https://github.com/oblador/react-native-vector-icons"
"react-native-web@0.21.1","MIT","https://github.com/necolas/react-native-web"
"react-native-webview@13.16.0","MIT","https://github.com/react-native-webview/react-native-webview"
"react-native@0.80.1","MIT","https://github.com/facebook/react-native"
"react-refresh@0.14.2","MIT","https://github.com/facebook/react"
"react-transition-group@4.4.5","BSD-3-Clause","https://github.com/reactjs/react-transition-group"
"react@19.1.0","MIT","https://github.com/facebook/react"
"readable-stream@3.6.2","MIT","https://github.com/nodejs/readable-stream"
"regenerate-unicode-properties@10.2.0","MIT","https://github.com/mathiasbynens/regenerate-unicode-properties"
"regenerate@1.4.2","MIT","https://github.com/mathiasbynens/regenerate"
"regenerator-runtime@0.13.11","MIT","https://github.com/facebook/regenerator/tree/main/packages/runtime"
"regexpu-core@6.2.0","MIT","https://github.com/mathiasbynens/regexpu-core"
"regjsgen@0.8.0","MIT","https://github.com/bnjmnt4n/regjsgen"
"regjsparser@0.12.0","BSD-2-Clause","https://github.com/jviereck/regjsparser"
"require-directory@2.1.1","MIT","https://github.com/troygoode/node-require-directory"
"require-main-filename@2.0.0","ISC","https://github.com/yargs/require-main-filename"
"resolve-from@3.0.0","MIT","https://github.com/sindresorhus/resolve-from"
"resolve-from@4.0.0","MIT","https://github.com/sindresorhus/resolve-from"
"resolve-from@5.0.0","MIT","https://github.com/sindresorhus/resolve-from"
"resolve@1.22.10","MIT","https://github.com/browserify/resolve"
"restore-cursor@3.1.0","MIT","https://github.com/sindresorhus/restore-cursor"
"reusify@1.1.0","MIT","https://github.com/mcollina/reusify"
"rimraf@3.0.2","ISC","https://github.com/isaacs/rimraf"
"run-parallel@1.2.0","MIT","https://github.com/feross/run-parallel"
"safe-buffer@5.2.1","MIT","https://github.com/feross/safe-buffer"
"scheduler@0.26.0","MIT","https://github.com/facebook/react"
"semver@6.3.1","ISC","https://github.com/npm/node-semver"
"semver@7.7.2","ISC","https://github.com/npm/node-semver"
"send@0.19.0","MIT","https://github.com/pillarjs/send"
"serialize-error@2.1.0","MIT","https://github.com/sindresorhus/serialize-error"
"serve-static@1.16.2","MIT","https://github.com/expressjs/serve-static"
"set-blocking@2.0.0","ISC","https://github.com/yargs/set-blocking"
"setimmediate@1.0.5","MIT","https://github.com/YuzuJS/setImmediate"
"setprototypeof@1.2.0","ISC","https://github.com/wesleytodd/setprototypeof"
"shebang-command@2.0.0","MIT","https://github.com/kevva/shebang-command"
"shebang-regex@3.0.0","MIT","https://github.com/sindresorhus/shebang-regex"
"shell-quote@1.8.3","MIT","https://github.com/ljharb/shell-quote"
"signal-exit@3.0.7","ISC","https://github.com/tapjs/signal-exit"
"simple-swizzle@0.2.2","MIT","https://github.com/qix-/node-simple-swizzle"
"sisteransi@1.0.5","MIT","https://github.com/terkelg/sisteransi"
"slash@3.0.0","MIT","https://github.com/sindresorhus/slash"
"slice-ansi@2.1.0","MIT","https://github.com/chalk/slice-ansi"
"source-map-support@0.5.21","MIT","https://github.com/evanw/node-source-map-support"
"source-map@0.5.7","BSD-3-Clause","https://github.com/mozilla/source-map"
"source-map@0.6.1","BSD-3-Clause","https://github.com/mozilla/source-map"
"split-on-first@1.1.0","MIT","https://github.com/sindresorhus/split-on-first"
"sprintf-js@1.0.3","BSD-3-Clause","https://github.com/alexei/sprintf.js"
"stack-utils@2.0.6","MIT","https://github.com/tapjs/stack-utils"
"stackframe@1.3.4","MIT","https://github.com/stacktracejs/stackframe"
"stacktrace-parser@0.1.11","MIT","https://github.com/errwischt/stacktrace-parser"
"statuses@1.5.0","MIT","https://github.com/jshttp/statuses"
"statuses@2.0.1","MIT","https://github.com/jshttp/statuses"
"strict-uri-encode@2.0.0","MIT","https://github.com/kevva/strict-uri-encode"
"string-width@4.2.3","MIT","https://github.com/sindresorhus/string-width"
"string_decoder@1.3.0","MIT","https://github.com/nodejs/string_decoder"
"strip-ansi@5.2.0","MIT","https://github.com/chalk/strip-ansi"
"strip-ansi@6.0.1","MIT","https://github.com/chalk/strip-ansi"
"strip-final-newline@2.0.0","MIT","https://github.com/sindresorhus/strip-final-newline"
"strnum@1.1.2","MIT","https://github.com/NaturalIntelligence/strnum"
"styleq@0.1.3","MIT","https://github.com/necolas/styleq"
"stylis@4.2.0","MIT","https://github.com/thysultan/stylis.js"
"sudo-prompt@9.2.1","MIT","https://github.com/jorangreef/sudo-prompt"
"supports-color@7.2.0","MIT","https://github.com/chalk/supports-color"
"supports-color@8.1.1","MIT","https://github.com/chalk/supports-color"
"supports-preserve-symlinks-flag@1.0.0","MIT","https://github.com/inspect-js/node-supports-preserve-symlinks-flag"
"terser@5.44.0","BSD-2-Clause","https://github.com/terser/terser"
"test-exclude@6.0.0","ISC","https://github.com/istanbuljs/test-exclude"
"text-encoding@0.7.0","(Unlicense OR Apache-2.0)","https://github.com/inexorabletash/text-encoding"
"throat@5.0.0","MIT","https://github.com/ForbesLindesay/throat"
"tmpl@1.0.5","BSD-3-Clause","https://github.com/daaku/nodejs-tmpl"
"to-regex-range@5.0.1","MIT","https://github.com/micromatch/to-regex-range"
"toidentifier@1.0.1","MIT","https://github.com/component/toidentifier"
"tr46@0.0.3","MIT","https://github.com/Sebmaster/tr46.js"
"tweetnacl-util@0.15.1","Unlicense","https://github.com/dchest/tweetnacl-util-js"
"tweetnacl@1.0.3","Unlicense","https://github.com/dchest/tweetnacl-js"
"type-detect@4.0.8","MIT","https://github.com/chaijs/type-detect"
"type-fest@0.7.1","(MIT OR CC0-1.0)","https://github.com/sindresorhus/type-fest"
"typescript@5.9.2","Apache-2.0","https://github.com/microsoft/TypeScript"
"ua-parser-js@1.0.41","MIT","https://github.com/faisalman/ua-parser-js"
"undici-types@7.11.0","MIT","https://github.com/nodejs/undici"
"unicode-canonical-property-names-ecmascript@2.0.1","MIT","https://github.com/mathiasbynens/unicode-canonical-property-names-ecmascript"
"unicode-match-property-ecmascript@2.0.0","MIT","https://github.com/mathiasbynens/unicode-match-property-ecmascript"
"unicode-match-property-value-ecmascript@2.2.0","MIT","https://github.com/mathiasbynens/unicode-match-property-value-ecmascript"
"unicode-property-aliases-ecmascript@2.1.0","MIT","https://github.com/mathiasbynens/unicode-property-aliases-ecmascript"
"universalify@0.1.2","MIT","https://github.com/RyanZim/universalify"
"unpipe@1.0.0","MIT","https://github.com/stream-utils/unpipe"
"update-browserslist-db@1.1.3","MIT","https://github.com/browserslist/update-db"
"use-latest-callback@0.2.4","MIT","https://github.com/satya164/use-latest-callback"
"use-sync-external-store@1.5.0","MIT","https://github.com/facebook/react"
"util-deprecate@1.0.2","MIT","https://github.com/TooTallNate/util-deprecate"
"utils-merge@1.0.1","MIT","https://github.com/jaredhanson/utils-merge"
"vary@1.1.2","MIT","https://github.com/jshttp/vary"
"vlq@1.0.1","MIT","https://github.com/Rich-Harris/vlq"
"walker@1.0.8","Apache-2.0","https://github.com/daaku/nodejs-walker"
"warn-once@0.1.1","MIT","https://github.com/satya164/warn-once"
"wcwidth@1.0.1","MIT","https://github.com/timoxley/wcwidth"
"web-vitals@2.1.4","Apache-2.0","https://github.com/GoogleChrome/web-vitals"
"webidl-conversions@3.0.1","BSD-2-Clause","https://github.com/jsdom/webidl-conversions"
"whatwg-fetch@3.6.20","MIT","https://github.com/github/fetch"
"whatwg-url@5.0.0","MIT","https://github.com/jsdom/whatwg-url"
"which-module@2.0.1","ISC","https://github.com/nexdrew/which-module"
"which@2.0.2","ISC","https://github.com/isaacs/node-which"
"wrap-ansi@6.2.0","MIT","https://github.com/chalk/wrap-ansi"
"wrap-ansi@7.0.0","MIT","https://github.com/chalk/wrap-ansi"
"wrappy@1.0.2","ISC","https://github.com/npm/wrappy"
"write-file-atomic@4.0.2","ISC","https://github.com/npm/write-file-atomic"
"ws@6.2.3","MIT","https://github.com/websockets/ws"
"ws@7.5.10","MIT","https://github.com/websockets/ws"
"y18n@4.0.3","ISC","https://github.com/yargs/y18n"
"y18n@5.0.8","ISC","https://github.com/yargs/y18n"
"yallist@3.1.1","ISC","https://github.com/isaacs/yallist"
"yaml@1.10.2","ISC","https://github.com/eemeli/yaml"
"yaml@2.8.1","ISC","https://github.com/eemeli/yaml"
"yargs-parser@18.1.3","ISC","https://github.com/yargs/yargs-parser"
"yargs-parser@20.2.9","ISC","https://github.com/yargs/yargs-parser"
"yargs-parser@21.1.1","ISC","https://github.com/yargs/yargs-parser"
"yargs@15.4.1","MIT","https://github.com/yargs/yargs"
"yargs@16.2.0","MIT","https://github.com/yargs/yargs"
"yargs@17.7.2","MIT","https://github.com/yargs/yargs"
"yocto-queue@0.1.0","MIT","https://github.com/sindresorhus/yocto-queue"